Customer_ID,Name,Email,Phone_Number,Address
1,Natalie Davidson,peter05@hotmail.com,001-092-928-4374,"USCGC Larson, FPO AE 01626"
2,John Beasley,cory70@mcdonald.com,+1-027-739-9995,"76354 West Greens Apt. 281, Youngfurt, NV 42569"
3,Sara Fleming,matthew68@yahoo.com,254.032.1080x29568,"77271 Estrada Mount, South Emma, UT 36419"
4,Thomas Moore,sthompson@gmail.com,(605)799-7345x991,"6624 Shepherd Dale Suite 542, East Tony, MS 58880"
5,Jacob Snyder,allenbrad@smith.com,701-298-7386x53775,"1532 Welch Well, West Rachelmouth, VA 90134"
6,Jill Garrett,bholt@yahoo.com,+1-932-945-4439x7229,"1221 Scott Knoll, Timothymouth, UT 30567"
7,Ryan Walters,maryfrank@rowe.com,263.170.8415x012,"6310 Keith Ways, Brendafurt, LA 29519"
8,Nicholas Collins,sheripayne@hotmail.com,8019159464,"318 Mark Rapid Suite 846, Port Nicholas, CA 86595"
9,Joshua Perez,maria20@gmail.com,(587)534-8847x6245,"755 Caitlyn Fork, West Sergio, AZ 88136"
10,Laura Pope,tiffany76@gmail.com,804-674-7389x407,"51139 Destiny Valley, New Diane, NY 32669"
11,Richard Holmes,chenjoshua@hotmail.com,1096575323,"PSC 4452, Box 6899, APO AP 09414"
12,Shane Williams,nicolas24@hansen-allen.com,(985)506-2195x66797,"506 Jones Mount, Sandovalchester, ME 48724"
13,Christopher Greer,markbutler@yahoo.com,001-339-472-8612x445,"Unit 4510 Box 2982, DPO AE 86858"
14,John Pierce,lesliedaniels@gmail.com,(840)210-0495x5802,"18366 Brown Manor, Sandersside, WV 99641"
15,Denise Allen,andrewgonzalez@hotmail.com,413-566-4451,"2117 Lisa Gateway, Lake Lisaberg, CA 37135"
16,Jessica Sullivan,teresa99@bender.info,+1-396-256-1855x0527,"Unit 5253 Box 3485, DPO AE 01750"
17,Megan Mckinney,eric25@hinton-torres.com,374.406.0591,"104 Rubio Inlet, Brittneychester, CT 06717"
18,William Schmidt,danielle12@washington-thomas.com,180-025-4263,"9084 Freeman Park, East Vincent, WA 23266"
19,Valerie Wade,vanessavelez@gmail.com,(337)452-1992x789,"4110 Curtis Isle, Andersonfort, IA 88305"
20,Steven Anderson,john62@hanna.com,673.258.5897x56278,"PSC 7006, Box 6745, APO AA 61193"
21,Derek Thomas Jr.,ivancameron@miller.com,001-290-882-5141,"94422 Douglas Overpass, Smallside, GA 76137"
22,Lori Villarreal,william81@wilson-mcdaniel.com,(890)893-5810x3631,"2715 Daniel Forks Apt. 843, New Jeremy, AK 12851"
23,Denise Stokes,ngarcia@yahoo.com,005.642.0098x17048,"728 Kaylee Coves Apt. 572, Weavertown, OK 56623"
24,Carolyn Barton,raymondjones@gmail.com,569.939.3728x12306,"USNS Martinez, FPO AE 49430"
25,Darrell Gray,pjennings@gmail.com,+1-773-026-1790x8779,"643 David Fork Suite 326, Howellborough, MT 83767"
26,John Oliver,uwalker@marquez.com,(355)302-6263x89509,"724 Cruz Curve, Maddoxville, MO 50391"
27,Christopher Maxwell,wallacegregory@hotmail.com,158.909.0909,"74014 Anthony Fort, Ellisburgh, ND 59012"
28,Maureen Black,steven92@ellis.biz,924-533-0793,"1588 Daryl Estate, South Angelaborough, PA 21328"
29,Emily Mcdonald,ichandler@cox.com,+1-094-485-8984x99033,"78826 Johnson Drives Apt. 219, West Jacobport, CA 28532"
30,Angela Ibarra,cookandrew@sweeney.com,366-857-9065x12564,"885 Nicole Run Suite 687, Reynoldstown, VA 49725"
31,Brent Cox Jr.,acollins@yahoo.com,+1-268-863-4742x738,"31039 Moyer Viaduct Suite 083, Port Jason, AZ 75218"
32,Tanner Carter,ashleyjohnson@gmail.com,(779)684-0562x0598,"20340 Brian Manors, Christianburgh, DC 50128"
33,Anne Pierce,sstafford@hotmail.com,+1-557-060-5865x11725,"072 Elizabeth Key Apt. 417, East George, HI 21374"
34,Curtis Oliver,orrgary@harvey.net,268.684.9676x039,"49198 Jeffrey Square Apt. 057, Kevinbury, NC 77127"
35,Courtney Hicks,wgrant@hotmail.com,(277)742-6600x464,"USNV Marshall, FPO AP 72967"
36,Kevin Rios,rsanders@sweeney.com,569-920-9991x326,"5782 William Loop Apt. 751, Larsenview, SC 10504"
37,David Dominguez,ashley36@white.com,7879662539,"24386 Amy Lane, Port Davidborough, AZ 97768"
38,Anthony Pitts,oarnold@yahoo.com,+1-618-574-0833x13520,"856 Amy Field Apt. 541, Greenberg, AK 70627"
39,Kimberly Reed,robinhall@hotmail.com,970.688.9588x1824,"212 Smith Gateway, Port Shaneberg, IL 97682"
40,Ashley Levine,sward@hotmail.com,725.757.2380x4105,"2881 Yolanda Summit Suite 621, Dakotafurt, MA 89822"
41,Diana Pacheco,meganwalsh@delgado.com,+1-920-623-8790,"32336 Zachary Forest Suite 599, Johnnybury, ME 62449"
42,Cheryl Chapman,walterjames@rivera.com,625-696-0474,"Unit 5529 Box 0141, DPO AE 31866"
43,Jacqueline Garcia,wandalopez@vang-flores.com,(679)696-1169,"086 Debra Harbor Suite 261, Lake Rodney, LA 48237"
44,Gina Banks,bgarcia@hensley.com,+1-984-586-6584x43714,"PSC 1963, Box 8002, APO AE 22551"
45,Tiffany Bailey,juliamorris@gmail.com,+1-818-702-1066x511,"PSC 4821, Box 5709, APO AP 27805"
46,Kimberly Moreno,karenwood@jones-sheppard.info,(554)421-8297,"912 Green Lock Apt. 872, South Jasonstad, DC 93774"
47,Michael Roman,oholder@gmail.com,597.899.2357,"298 Lauren Curve Apt. 238, South Stephen, SD 63629"
48,Ashley Martinez,wbarton@stone.com,+1-347-538-2263x1337,"8061 Kenneth Route Suite 638, North Carriefurt, VT 37705"
49,Daniel Francis,wgutierrez@watkins-villanueva.net,+1-239-542-3776x998,"676 Benjamin Village, Reneefort, AR 09539"
50,Tanya Oliver,anthonysmith@hotmail.com,001-074-497-3819x737,"274 Kevin Land Apt. 872, Riversmouth, TN 09099"
51,Brooke Wang,oreed@yahoo.com,(725)118-7243x69261,"26772 Duncan Harbor, Williamsstad, ND 09153"
52,Jeffrey Vaughan,josephjoseph@yahoo.com,001-354-404-7233x0183,"486 Tiffany Loop Suite 815, Melissashire, NV 41492"
53,Lori Wood,rushjaime@williams.com,646.147.0761x18041,"357 Sabrina Ways Apt. 727, Port Tyler, ME 81801"
54,Michael Daniel,crystal80@gmail.com,630-586-3150x579,"67700 Jacob Hills, Mullinsbury, NJ 53972"
55,Mrs. Catherine Kennedy DDS,rwright@gmail.com,001-435-478-8633x57260,"87242 Thomas Burgs Apt. 836, North Shawn, ND 86739"
56,Kathleen Carlson,donnacardenas@gmail.com,624-765-7014x400,"18644 Danielle Harbors Suite 151, Khanhaven, NY 17237"
57,Lisa Jones,walkercraig@mendez.info,179.021.0998x831,"6733 Richards Walk Apt. 286, Lake Dennis, VT 71649"
58,Kimberly Cervantes,btorres@yahoo.com,573.736.6339,"74327 Matthew Trail, Bakershire, VA 81231"
59,Robert Sosa,xrogers@haas-cervantes.biz,001-972-527-9143x1303,"Unit 7171 Box 0720, DPO AA 94717"
60,Jacob Sanders,antoniofranklin@washington.com,511-295-8746x53632,"2753 Janet Manors, Carterborough, NV 77343"
61,Charles Cooper,piercechristopher@walker.biz,092.846.0004x60068,"998 Anderson Ford, Lake Hannah, NH 14903"
62,Toni Smith,francisbrittney@griffin.com,(624)083-4764,"86059 Reyes Village, North Lisatown, CO 61170"
63,Lisa Kelly,leedavid@anderson.com,076.946.8126x574,"674 Benjamin Port, Johnburgh, LA 37000"
64,Kevin Marsh,meyerjennifer@hotmail.com,001-301-056-1235,"22675 Austin Park Suite 465, South Derek, NY 59288"
65,Robert Vargas,thompsonkathleen@hotmail.com,(546)577-1184x34230,"58668 Robert Crossing, North Joannfort, CO 29315"
66,Samuel Dickerson,lnguyen@cooper.com,001-859-644-9148x0966,"990 Bryan Vista Suite 091, Donaldsonshire, VA 58572"
67,Joshua Scott,brandon99@glass-clay.com,001-172-858-6358x768,"6646 Katelyn Walks Apt. 844, Davidshire, MS 41760"
68,Randy Aguirre,ejones@hotmail.com,(622)816-6350x3469,"3654 Frank Street, North Stacy, NV 61091"
69,Robert Cox,dalerivas@gmail.com,907.966.2853x530,"74097 Perez Wells, New Anna, RI 16587"
70,Lisa Howell,tiffany88@hotmail.com,(058)539-2806x17278,"472 Copeland Dale, New Jennifer, NV 43640"
71,Kelly Henderson,peteringram@randall.org,340-683-3757,"9824 Patrick Mission, Lake Sean, NC 33849"
72,Nathan Black,woodisaiah@ellis.biz,4768856370,"25315 Tanner Hill, Robinton, ID 92035"
73,Jeremy Rodriguez,william99@berg.net,+1-812-651-4393x11363,"24569 Antonio Stream, West Matthew, OK 05310"
74,Melissa Le,kristin36@hotmail.com,314-432-7064x69059,"508 Booth Way, Sheriland, AZ 43720"
75,Stephen Charles,justinmyers@gmail.com,6201376621,"USCGC Hall, FPO AP 06317"
76,Doris Jones,cathyeaton@hotmail.com,+1-741-303-5301x19614,"69112 Allen Village, South Kimberly, MO 68920"
77,Judy Carey,marystewart@hotmail.com,785.225.0565x8910,"USNS Graves, FPO AE 91439"
78,Kristi Hale,mark62@randall.net,+1-350-009-5492x66602,"78810 Barbara Tunnel, Lake Brandon, WI 69658"
79,Rachael Hughes,ehodge@gmail.com,032-890-3653,"94357 Ann Port Suite 938, Hansenstad, WV 28160"
80,Jacob Garcia,bensonleah@gmail.com,451-178-0399,"USCGC Caldwell, FPO AP 46109"
81,Vicki Walters,jason49@gmail.com,+1-085-844-9018x1873,"15688 James Ways Apt. 489, Derrickport, AK 69876"
82,Crystal Rodriguez,jhall@rodriguez.com,001-212-004-5050x437,"69399 Susan Groves Suite 604, Reyesberg, UT 88455"
83,Mrs. Tara Smith,alexandra91@gmail.com,861-685-7642,"27074 Brown Square, New Edwardland, UT 52446"
84,Tyler Hill,silvachristopher@fitzpatrick.info,941-857-4136,"746 Harrington Garden, West Victoria, NH 11675"
85,Tammy Green,ianderson@anderson.net,(167)535-8854,"003 Colon Trail Apt. 263, West Carol, TX 69197"
86,Crystal Mitchell,austinmayer@hotmail.com,808.983.8885,"Unit 7044 Box 8441, DPO AA 41652"
87,Stephen Petersen,angela59@hood.com,+1-481-345-2018,"358 Evan Hills Suite 854, Lopezmouth, DE 96023"
88,Matthew Glenn,brian35@yahoo.com,+1-304-395-9051x11611,"68486 Foley Fall, Foxport, WI 01398"
89,Megan Flores,thomasjose@yahoo.com,+1-128-714-4362x490,"PSC 4105, Box 3288, APO AA 17130"
90,Mr. Jon Brown,vbrown@morris.org,+1-597-320-9851x914,"29631 Kim Turnpike, Carterfurt, AR 76970"
91,Amanda Rowe,william55@yahoo.com,(365)014-2063x45725,"82189 Julia Hills, Murphychester, MS 50717"
92,Susan Marshall DVM,johnweber@yahoo.com,512-733-5400x0353,"4822 Kimberly Road Apt. 090, South Rachel, SC 55837"
93,Eric Horn,millermatthew@bell-miller.com,+1-390-173-3149,"87690 Jennifer Junction, Johnhaven, WA 74156"
94,Anna Mooney,jpayne@yahoo.com,781.365.0117,"14620 Brian Plain Apt. 518, North Danaberg, MA 47130"
95,Robert Martinez,williamsrobert@todd-white.com,(739)463-6810x7542,"8088 Williams Meadow Suite 780, Port Jasonchester, HI 29093"
96,Marc Hebert,leehenry@moreno.com,613-904-6676x52982,"882 Allen Brooks Apt. 651, Jonesport, CT 58139"
97,Sharon Hernandez,michael29@mitchell.com,855.476.2272,"000 Kristy Groves Apt. 441, South Jacob, NY 46241"
98,Ashley Anderson,marykeller@yahoo.com,(982)530-9275,"2798 Jack Trail, Yatesbury, OH 29970"
99,Jessica Foster,peterhampton@gmail.com,426-791-7969x092,"578 Karla Mall, Nicholsview, OH 91788"
100,Jordan White,phillip72@riley.biz,9891515675,"PSC 7331, Box 9579, APO AE 44218"
